女内衣/丁字裤,女&裤&丁字&!童
女内衣/丝袜,女&丝袜&!童
女内衣/保暖内衣,女&保暖内衣&!童
女内衣/内衣,女&内衣&!童
女内衣/内裤,女&内裤|三角裤|平角裤&!童
女内衣/吊带袜,女&袜&吊带&!童
女内衣/塑形衣,女&塑形衣&!童
女内衣/安全裤,女&裤&安全&!童
女内衣/家居服,女&家居服&!童
女内衣/文胸,bar|胸罩|文胸&!童
女内衣/棉袜,女&棉袜&!童
女内衣/泳衣,女&泳衣|三点式|比基尼&!童
女内衣/浴衣,女&浴衣&!童
女内衣/睡衣,女&睡衣|睡裤|睡袍|睡裙&!童
女内衣/短袜,女&短袜|短筒袜&!童
女内衣/船袜,女&袜&船&!童
女内衣/袜子,女&袜子&!童
女内衣/连裤袜,女&袜&连裤&!童
女内衣/长筒袜,女&袜&长筒&!童
女包,子母包|凯莉包|柏金包|黛妃包|戴妃包|宴会包|新娘包|贝壳包|化妆包&!童&!包臀&!包头
女包/保龄球包,女&包&保龄球&!童&!包臀&!包头
女包/信封包,女&包&信封&!童&!包臀&!包头
女包/凯莉包,女&包&凯莉|凯利|凯丽&!童&!包臀&!包头
女包/剑桥包,女&包&剑桥&!童&!包臀&!包头
女包/单肩包,女&包&单肩&!童&!包臀&!包头
女包/双肩包,女&包&双肩&!童&!包臀&!包头
女包/复古包,女&包&复古|古董&!童&!包臀&!包头
女包/子母包,女&包&子母&!童&!包臀&!包头
女包/宴会包,女&包&宴会|晚宴|宴席&!童&!包臀&!包头
女包/帆布包,女&帆布包&!童&!包臀&!包头
女包/手包,女&包&手包|手拿&!童&!包臀&!包头
女包/斜挎包,女&包&挎|斜挎|斜跨&!童&!包臀&!包头
女包/新娘包,女&新娘包&!童&!包臀&!包头
女包/机车包,女&包&机车&!童&!包臀&!包头
女包/杀手包,女&包&杀手&!童&!包臀&!包头
女包/柏金包,女&包&柏金&!童&!包臀&!包头
女包/格纹包,女&包&格纹&!童&!包臀&!包头
女包/水桶包,女&包&水桶&!童&!包臀&!包头
女包/波士顿包,女&包&波士顿&!童&!包臀&!包头
女包/流苏包,女&包&流苏&!童&!包臀&!包头
女包/皮包,女&皮包&!童&!包臀&!包头
女包/腰包,女&腰包&!童&!包臀&!包头
女包/草编包,女&包&草编|编织&!童&!包臀&!包头
女包/贝壳包,女&包&贝壳&!童&!包臀&!包头
女包/透明包,女&包&透明|果冻包&!童&!包臀&!包头
女包/邮差包,女&包&邮差&!童&!包臀&!包头
女包/钱包,女&钱包|钱夹&!童&!包臀&!包头
女包/铆钉包,女&包&铆钉&!童&!包臀&!包头
女包/链条包,女&包&链条&!童&!包臀&!包头
女包/黛妃包,女&包&戴妃|黛妃&!童&!包臀&!包头
女装/上装,女|雪纺|通勤|优雅|甜美|性感|露肩|小香风|公主|蕾丝&衣|衫&!童
女装/上装/POLO衫,女&POLO衫&!童
女装/上装/T恤,女|雪纺|通勤|优雅|甜美|性感|露肩|小香风|公主|孕妇|蕾丝&T恤&!童
女装/上装/冲锋衣,女&冲锋衣&!童
女装/上装/卫衣,女|甜美&卫衣&!童
女装/上装/吊带,女|淑女|雪纺|通勤|优雅|甜美|性感|小香风|公主|蕾丝&衣&吊带|系带|挂脖&!童
女装/上装/外套,女|优雅|甜美|性感|小香风&外套|夹克&!童
女装/上装/大衣,女&大衣|风衣|皮草&!童
女装/上装/套装,女&制服|职业套装&!童
女装/上装/孕妇装,孕妇&上衣|衫&!童
女装/上装/帽衫,女|甜美&帽衫|连帽&!童
女装/上装/开衫,女|雪纺|通勤|优雅|甜美|性感|露肩|小香风|公主|蕾丝&开衫&!童
女装/上装/打底衫,女|蕾丝|通勤|优雅|甜美|性感|露肩&打底衫|打底上衣&!童
女装/上装/披肩,女&披肩&!童
女装/上装/棉衣,女&棉衣|棉服|棉褛&!童
女装/上装/正装,女&西装|小西装|正装|工作服|西服&!童
女装/上装/毛衣,女|甜美|性感|露肩&毛衣|毛线|海马毛|马海毛&!童
女装/上装/瑜伽服,瑜伽服&!裤&!童
女装/上装/皮衣,女&皮衣|皮夹克|皮褛&!童
女装/上装/礼服,晚礼服|旗袍|新娘装&!童
女装/上装/羽绒服,女&羽绒服|羽绒坎肩|羽绒马甲|羽绒马夹&!童
女装/上装/背心,女|雪纺|通勤|优雅|甜美|性感|露肩|小香风|公主|蕾丝&背心&!童
女装/上装/蕾丝衫,蕾丝衫&!童
女装/上装/蝙蝠衫,女|雪纺|通勤|优雅|甜美|性感|小香风|公主|蕾丝&蝙蝠袖|蝙蝠衫&!童
女装/上装/衬衫,女|雪纺|通勤|优雅|甜美&衬衫&!童
女装/上装/运动服,女|甜美|可爱&运动服|运动衣&!童
女装/上装/针织衫,女&针织衫&!童
女装/上装/防晒衫,女|甜美&防晒衫|防紫外线|空调衫&!童
女装/上装/雪纺衫,雪纺衫&!童
女装/上装/马甲,女|小香风|通勤&马甲|马夹&!童
女装/裙子,裙&!童
女装/裙子/A字裙,裙&A字裙&!童
女装/裙子/中裙,裙&中裙|及膝&!童
女装/裙子/伞裙,伞裙&!童
女装/裙子/公主裙,裙&公主&!童
女装/裙子/包臀裙,裙&包臀|铅笔|一步&!童
女装/裙子/半裙,裙&半裙|半身裙&!童
女装/裙子/吊带裙,裙&吊带|系带|挂脖&!童
女装/裙子/孕妇裙,孕妇&裙&!童&!裙摆&!裙边
女装/裙子/沙滩裙,裙&沙滩|波西米亚&!童
女装/裙子/牛仔裙,裙&牛仔&!童
女装/裙子/百褶裙,裙&百褶&!童
女装/裙子/纱裙,裙&纱|欧根纱&!童
女装/裙子/背心裙,裙&背心&!童
女装/裙子/花苞裙,裙&花苞&!童
女装/裙子/蛋糕裙,裙&蛋糕&!童
女装/裙子/超短裙,裙&超短|迷你&!童
女装/裙子/连衣裙,裙&连衣|连身|全身&!童
女装/裙子/长裙,裙&长裙|及踝&!童
女装/裙子/雪纺裙,裙&雪纺&!童
女装/裙子/鱼尾裙,裙&尾&!童
女装/裤子,女&裤&!童&!内裤
女装/裤子/七分裤,女&裤&七分|7分&!童&!内裤
女装/裤子/九分裤,女&裤&九分|9分&!童&!内裤
女装/裤子/五分裤,女&裤&五分|5分&!童&!内裤
女装/裤子/卡其裤,女&裤&卡其&!童&!内裤
女装/裤子/印花裤,女&裤&印花|碎花&!童&!内裤
女装/裤子/哈伦裤,女&裤&哈伦&!童&!内裤
女装/裤子/喇叭裤,女&裤&喇叭&!童&!内裤
女装/裤子/孕妇裤,孕妇&裤&!童
女装/裤子/小脚裤,女&裤&小脚|窄脚&!童&!内裤
女装/裤子/打底裤,女&裤&打底|假透肉&!童&!内裤
女装/裤子/棉裤,女&裤&棉|加绒&!童&!内裤
女装/裤子/灯笼裤,女&裤&灯笼&!童&!内裤
女装/裤子/热裤,女&裤&热&!童&!内裤
女装/裤子/牛仔裤,女&裤&牛仔&!童&!内裤
女装/裤子/瑜伽裤,瑜伽裤|瑜伽短裤|瑜伽长裤&!童&!内裤
女装/裤子/直筒裤,女&裤&直筒&!童&!内裤
女装/裤子/短裤,女&裤&短&!童&!内裤
女装/裤子/羽绒裤,女&裤&羽绒裤&!童&!内裤
女装/裤子/背带裤,女&裤&背带&!童&!内裤
女装/裤子/裙裤,女&裤&裙&!童&!内裤
女装/裤子/西装裤,女&裤&西装|工装|正装&!童&!内裤
女装/裤子/运动裤,女&裤&运动裤&!童&!内裤
女装/裤子/连体裤,女&裤&连体|连身&!童&!内裤
女装/裤子/铅笔裤,女&裤&铅笔&!童&!内裤
女装/裤子/长裤,女&裤&长&!童&!内裤
女装/裤子/阔腿裤,女&裤&阔腿&!童&!内裤
女装/裤子/雪纺裤,女&裤&雪纺&!童&!内裤
女配饰/丝巾,女&丝巾|方巾&!童
女配饰/假发,女&假发&!童
女配饰/围巾,女&围巾|围脖&!童
女配饰/太阳镜,女&太阳镜|护目镜&!童
女配饰/头饰,头饰|发饰|发夹|发带|发箍&!童
女配饰/帽子,女&帽&!童&!连帽&!带帽
女配饰/戒指,女&戒指&!童
女配饰/手套,女&手套&!童
女配饰/手表,女&手表|腕表&!童
女配饰/手链,女&手链|手镯&!童
女配饰/耳饰,女&耳环|耳坠&!童
女配饰/胸针,女&胸针&!针织&!童
女配饰/脚链,女&脚链&!童
女配饰/腰带,女&腰带|腰封&!童&!带腰带&!配腰带&!配腰封&!送腰带&!送腰封&!赠腰带&!赠腰封
女配饰/项链,女&项链&!童
女鞋,女&鞋&!童
女鞋/中跟鞋,女&鞋&中跟&!童
女鞋/中靴,女&靴&中筒
女鞋/低跟鞋,女&鞋&低跟&!童
女鞋/凉拖,女&凉拖&!童
女鞋/凉鞋,女&鞋&凉&!童
女鞋/单鞋,女&鞋&单|船&!童
女鞋/及踝鞋,女&靴&及踝&!童
女鞋/圆头鞋,女&鞋&圆头&!童
女鞋/坡跟鞋,女&鞋&坡跟&!童
女鞋/夹脚鞋,女&鞋&夹脚|夹趾|人字拖&!童
女鞋/女鞋,及踝鞋|芭蕾鞋|鱼嘴鞋|松糕鞋|防水台&!童
女鞋/娃娃鞋,女&鞋&娃娃&!童
女鞋/尖头鞋,女&鞋&尖头&!童
女鞋/布鞋,女&鞋&布鞋&!童
女鞋/帆布鞋,女&鞋&帆布|匡威|converse&!童
女鞋/平底鞋,女&鞋&平底&!童
女鞋/拖鞋,女&鞋&拖|居家|室内&!童
女鞋/新娘鞋,女&鞋&新娘&!童
女鞋/方口鞋,女&鞋&方口&!童
女鞋/旅游鞋,女&鞋&旅游&!童
女鞋/木底鞋,女&鞋&木底|木屐&!童
女鞋/机车靴,女&靴&机车|哈雷&!童
女鞋/松糕鞋,女&鞋&松糕|厚底&!童
女鞋/板鞋,女&鞋&板鞋&!童
女鞋/果冻鞋,女&鞋&果冻鞋&!童
女鞋/沙滩鞋,女&鞋&沙滩|波西米亚&!童
女鞋/洞洞鞋,女&鞋&洞洞|卡骆驰|crocs&!童
女鞋/浅口鞋,女&鞋&浅口&!童
女鞋/牛津鞋,女&鞋&牛津&!童
女鞋/球鞋,女&鞋&球&!童
女鞋/登山鞋,女&鞋&登山&!童
女鞋/短靴,女&靴&短&!童
女鞋/粗跟鞋,女&鞋&粗跟&!童
女鞋/糖果鞋,女&鞋&糖果鞋&!童
女鞋/系带鞋,女&鞋&系带&!童
女鞋/细跟鞋,女&鞋&细跟&!童
女鞋/绑带鞋,女&鞋&罗马|角斗士|绑带&!童
女鞋/芭蕾鞋,女&鞋&芭蕾&!童
女鞋/豆豆鞋,女&鞋&豆豆&!童
女鞋/跑步鞋,女&鞋&跑步&!童
女鞋/运动鞋,女&鞋&运动鞋&!童
女鞋/长靴,女&靴&长|高筒|过膝&!童
女鞋/防水台,女&防水台&!童
女鞋/雪地靴,女&靴&雪地|UGG|皮毛一体&!童
女鞋/马丁靴,女&靴&马&!童
女鞋/高跟鞋,女&鞋&高跟|酒杯跟&!童
女鞋/鱼嘴鞋,女&鞋&鱼嘴&!童
男内衣/保暖内衣,男&保暖内衣&!童
男内衣/内衣,男&内衣&!童
男内衣/内裤,男&内裤|三角裤|平角裤&!童
男内衣/家居服,男&家居服&!童
男内衣/棉袜,男&棉袜&!童
男内衣/泳裤,男&泳裤&!童
男内衣/浴衣,男&浴衣&!童
男内衣/睡衣,男&睡衣|睡裤|睡袍&!童
男内衣/短袜,男&短袜|短筒袜&!童
男内衣/袜子,男&袜子&!童
男包/休闲包,男&包&休闲&!童&!包头
男包/信封包,男&包&信封&!童&!包头
男包/公事包,男&包&公事|公文&!童&!包头
男包/单肩包,男&包&单肩&!童&!包头
男包/双肩包,男&包&双肩&!童&!包头
男包/工具包,男&包&工具|电脑&!童&!包头
男包/帆布包,男&包&帆布&!童&!包头
男包/手包,男&包&手拿|手抓&!童&!包头
男包/提包,男&包&手提&!童&!包头
男包/斜挎包,男&包&斜挎|斜跨&!童&!包头
男包/机车包,男&包&机车&!童&!包头
男包/皮包,男&包&皮&!童&!包头
男包/腰包,男&包&腰&!童&!包臀&!包头
男包/运动包,男&包&运动&!童&!包头
男包/邮差包,男&包&邮差&!童&!包头
男包/钥匙包,男&钥匙包&!童&!包头
男包/钱包,男&包&钱&!童&!包头
男包/马鞍包,男&包&马鞍&!童&!包头
男装/上装,男|商务|绅士&衣|衫&!童
男装/上装/POLO衫,男|商务|绅士&POLO衫&!童
男装/上装/T恤,男|商务|绅士&T恤&!童
男装/上装/冲锋衣,男&冲锋衣&!童
男装/上装/卫衣,男|商务|绅士&卫衣&!童
男装/上装/坎肩,男|商务|绅士&坎肩&!童
男装/上装/大衣,男|商务|绅士&大衣&!童
男装/上装/夹克,男|商务|绅士&夹克&!童
男装/上装/帽衫,男|商务|绅士&帽衫|连帽&!童
男装/上装/开衫,男|商务|绅士&开衫&!童
男装/上装/打底衫,男|商务|绅士&打底衫&!童
男装/上装/棉衣,男&棉衣|棉服|棉褛&!童
男装/上装/正装,男|商务|绅士&西装|正装&!童
男装/上装/毛衣,男|商务|绅士&毛衣|毛坎肩&!童
男装/上装/皮衣,男|商务|绅士&皮衣|皮夹克|皮褛&!童
男装/上装/礼服,新郎装&!童
男装/上装/羽绒服,男&羽绒&!童
男装/上装/背心,男&背心&!童
男装/上装/衬衫,男|商务|绅士&衬衫&!童
男装/上装/运动服,男&运动服|运动衣&!童
男装/上装/针织衫,男|商务|绅士&针织&!童
男装/上装/风衣,男|商务|绅士&风衣&!童
男装/上装/马甲,男|商务|绅士&马甲|马夹&!童
男装/裤子,男&裤&!童&!内裤
男装/裤子/七分裤,男&裤&七分|7分&!童&!内裤
男装/裤子/五分裤,男&裤&五分|5分&!童&!内裤
男装/裤子/休闲裤,男|商务|绅士&裤&休闲&!童&!内裤
男装/裤子/卡其裤,男&裤&卡其&!童&!内裤
男装/裤子/小脚裤,男&裤&小脚|窄脚|铅笔&!童&!内裤
男装/裤子/棉裤,男&裤&棉|加绒&!童&!内裤
男装/裤子/沙滩裤,男&裤&沙滩|海滩&!童&!内裤
男装/裤子/牛仔裤,男&裤&牛仔&!童&!内裤
男装/裤子/直筒裤,男&裤&直筒&!童&!内裤
男装/裤子/短裤,男&裤&短&!童&!内裤
男装/裤子/背带裤,男&裤&背带&!童&!内裤
男装/裤子/西装裤,男|商务|绅士&裤&西装|工装&!童&!内裤
男装/裤子/运动裤,男&裤&运动&!童&!内裤
男装/裤子/长裤,男&裤&长&!童&!内裤
男配饰/假发,男&假发&!童
男配饰/围巾,男&围巾|围脖&!童
男配饰/太阳镜,男&太阳镜|护目镜&!童
男配饰/帽子,男&帽&!童&!连帽&!带帽
男配饰/戒指,男&戒指|扳指&!童
男配饰/手套,男&手套&!童
男配饰/手表,男&手表|腕表&!童
男配饰/手镯,男&手链|手镯&!童
男配饰/腰带,男&腰带&!童&!带腰带&!配腰带&!送腰带&!赠腰带
男配饰/项链,男&项链&!童
男配饰/领带,男&领带|领结&!童
男鞋,男&鞋|靴&!童
男鞋/乐福鞋,男&鞋&乐福&!童
男鞋/休闲鞋,男&鞋&休闲&!童
男鞋/凉鞋,男&靴&凉&!童
男鞋/夹脚鞋,男&鞋&夹脚|夹趾|人字拖&!童
男鞋/布鞋,男&鞋&布鞋&!童
男鞋/帆布鞋,男&鞋&帆布|匡威|converse&!童
男鞋/拖鞋,男&鞋&拖|室内|居家&!童
男鞋/旅游鞋,男&鞋&旅游&!童
男鞋/木底鞋,男&鞋&木底|木屐&!童
男鞋/机车靴,男&靴&机车|哈雷&!童
男鞋/板鞋,男&鞋&板鞋&!童
男鞋/沙滩鞋,男&鞋&沙滩&!童
男鞋/洞洞鞋,男&鞋&洞洞|卡骆驰|crocs&!童
男鞋/涉水鞋,男&鞋&涉水&!童
男鞋/牛津鞋,男&鞋&牛津底&!童
男鞋/球鞋,男&鞋&球&!童
男鞋/登山鞋,男&鞋&登山&!童
男鞋/皮靴,男&靴&皮&!童
男鞋/豆豆鞋,男&鞋&豆豆&!童
男鞋/跑步鞋,男&鞋&跑步&!童
男鞋/运动鞋,男&鞋&运动&!童
男鞋/雪地靴,男&靴&雪地|UGG|皮毛一体&!童
男鞋/马丁靴,男&靴&马丁&!童
男鞋/马靴,男&靴&马&!童
童装,童装|婴儿装|宝宝装|婴装
童装/T恤,童&T恤
童装/亲子装,亲子
童装/内衣裤,童&内衣|睡|袜子
童装/卫衣,童&卫衣|绒衣
童装/外套,童&外套|大衣
童装/套装,童&套装|演出服
童装/女童裙装,童&裙
童装/棉衣,童&棉衣|棉服
童装/毛衣,童&毛衣|针织衫
童装/童装裤子,童&裤
童装/童鞋,童&鞋
童装/羽绒服,童&羽绒服
童装/衬衫,童&衬衫
童装/马甲,童&马甲|背心
童配饰/围巾,童&围巾|围脖
童配饰/头饰,童&头饰|发饰|发夹|发带|发箍
童配饰/帽子,童&帽&!连帽&!带帽
童配饰/戒指,童&戒指
童配饰/手套,童&手套
童配饰/手表,童&手表
童配饰/手镯,童&手链|手镯
童配饰/项链,童&项链
